<?xml version="1.0" encoding="ISO-8859-1"?>
<project name="Imixs JEE Workflow Engine">

	<skin>
		<groupId>org.imixs.workflow</groupId>
		<artifactId>imixs-workflow-maven-skin</artifactId>
		<version>1.0.0</version>
	</skin>

	<body>
		<links>
			<item name="Home" href="http://www.imixs.org/" />
			<item name="Quick Start" href="http://www.imixs.org/api/" />
			<item name="Workflow Engine" href="index.html" />
			<item name="XML &amp; WebServices" href="http://www.imixs.org/xml/" />
			<item name="Web Tools" href="http://www.imixs.org/jsf/" />
			<item name="Modelling" href="http://www.imixs.org/modeler/" />
			<item name="Script!" href="http://www.imixs.org/script/" />
		</links>


		<menu name="Workflow Engine">
			<item name="Overview" href="index.html" />
			<item name="Getting started" href="get_started.html" collapse="true">
				<item name="Installation" href="install.html" />
				<item name="Setup Glassfish" href="install_glassfish.html" />
				<item name="Setup JBoss" href="install_jboss.html" />
				<item name="Setup Model" href="install_model.html" />
				<item name="Run Application" href="install_app.html" />
			</item>


			<item name="Services" href="services/overview.html" collapse="true">
				<item name="EntityService" href="services/entityservice.html"
					collapse="true">
					<item name="Queries" href="services/queries.html" />
				</item>
				<item name="WorkflowService" href="services/workflowservice.html" />
				<item name="Model Service" href="services/modelservice.html" />
				<item name="Property Service" href="services/propertyservice.html" />
				<item name="Workflow Scheduler" href="services/scheduler.html" />
			</item>
			<item name="Security" href="acl.html" />

			<item name="Plugin API" href="plugin/overview.html" collapse="true">
				<item name="Basic Plugins" href="plugin/basicplugins.html" />
				<item name="Mail Plugin" href="plugin/mailplugin.html" />
				<item name="Version Plugin" href="plugin/versionplugin.html" />
				<item name="Lucene Plugin" href="plugin/luceneplugin.html" />
				<item name="Rule Plugin" href="plugin/ruleplugin.html" />
				<item name="Interval Plugin" href="plugin/intervalplugin.html" />
				<item name="Analysis Plugin" href="plugin/analysisplugin.html" />
				<item name="Exception Handling" href="plugin/exception_handling.html" />
			</item>

			<item name="Admin Client" href="adminclient.html" />

			<item name="Test Suite" href="testsuite.html" />

			<item name="Deployment" href="deployment/overview.html"
				collapse="true">
				<item name="Database Schema" href="deployment/database_schema.html" />
				<item name="Security" href="deployment/acl_deployment.html" />
				<item name="Remote Lookup" href="deployment/remote_lookup.html" />
				<item name="Concurrency" href="deployment/concurrency.html" />
				<item name="Performance" href="deployment/performance.html" />
				<item name="Using Maven" href="deployment/deployment_maven.html" />
				<item name="Using Archetypes" href="archetype/usage.html" />
				<item name="Building Archetypes" href="archetype/build.html" />
				<item name="JEE5 / Glassfish v2.1" href="deployment/deployment_jee5.html" />
				<item name="JEE5 / JBoss 5.1" href="deployment/deployment_jboss5.html" />

			</item>
			<!-- <item name="Development" href="development/development.html" collapse="true"> 
				<item name="ModelService" href="development/modelservice.html"/> <item name="WorkflowService" 
				href="development/workflowservice.html"/> </item> -->
		</menu>

		<menu name="Project Information">
			<item name="Project Summary" href="project-summary.html" />
			<item name="Project License" href="license.html" />
			<item name="Project Team" href="team-list.html" />
			<item name="Issue Tracking" href="issue-tracking.html" />
			<item name="Mailing Lists" href="mail-lists.html" />
		</menu>

		<menu name="Maven">
			<item name="How to use" href="maven_howto.html" />
			<item name="Dependencies" href="dependencies.html" />
			<item name="Plugin Management" href="plugin-management.html" />
		</menu>
		<menu name="Source Code">
			<item name="Source Repository" href="source-repository.html" />




			<item name="Core JavaDocs" href="../api/apidocs/index.html" />
			<item name="Core Source Xref" href="../api/xref/index.html" />

			<item name="Engine JavaDocs" href="apidocs/index.html" />
			<item name="Engine Source Xref" href="xref/index.html" />
		</menu>


	</body>

</project>
