<?xml version="1.0" encoding="ISO-8859-1"?>
<project name="ThreeTen-Extra">
  <publishDate position="bottom" format="yyyy-MM-dd"/>
  <version position="bottom"/>
  <googleAnalyticsAccountId>UA-1425975-2</googleAnalyticsAccountId>

  <skin>
    <groupId>org.joda.external</groupId>
    <artifactId>reflow-maven-skin</artifactId>
    <version>1.2</version>
  </skin>

  <custom>
    <reflowSkin>
      <smoothScroll>false</smoothScroll>
      <highlightJs>true</highlightJs>
      <highlightJsTheme>github</highlightJsTheme>
      <imgLightbox>false</imgLightbox>
      <theme>bootswatch-cosmo</theme>
      <brand>
        <name>ThreeTen Extra</name>
        <href>index.html</href>
      </brand>
      <topNav>Documentation|Releases|Development|ThreeTen</topNav>
      <bottomNav>
        <column>Documentation</column>
        <column>Releases</column>
        <column>Development</column>
        <column>Reports</column>
      </bottomNav>
      <bottomDescription><![CDATA[
        Additional date and time classes for Java SE 8 building on JSR-310
      ]]></bottomDescription>
      <toc>false</toc>
      <breadcrumbs>false</breadcrumbs>
      <markPageHeader>false</markPageHeader>
      <protocolRelativeURLs>true</protocolRelativeURLs>
      <pages>
        <index>
          <sections>
            <columns>3</columns>
            <body />
            <sidebar />
          </sections>
          <shortTitle>Home</shortTitle>
          <highlightJs>false</highlightJs>
        </index>
        <source-repository>
          <highlightJs>false</highlightJs>
        </source-repository>
        <issue-tracking>
          <highlightJs>false</highlightJs>
        </issue-tracking>
        <license>
          <highlightJs>false</highlightJs>
        </license>
      </pages>
    </reflowSkin>
  </custom>

  <body>
    <head>
      <![CDATA[
        <link href="https://netdna.bootstrapcdn.com/font-awesome/4.2.0/css/font-awesome.css" rel="stylesheet"/>
        <link rel="author" href="https://plus.google.com/113137868744510231215"/>]]>
    </head>

    <menu name="Documentation">
      <item name="Home" href="index.html"/>
      <item name="User guide" href="userguide.html"/>
      <item name="Javadoc" href="apidocs/org.threeten.extra/module-summary.html"/>
      <item name="License" href="licenses.html"/>
    </menu>

    <menu name="Releases">
      <item name="Release notes" href="changes-report.html"/>
      <item name="Dependency info" href="dependency-info.html"/>
      <item name="Download" href="https://search.maven.org/search?q=g:org.threeten%20AND%20a:threeten-extra&amp;core=gav"/>
    </menu>

    <menu name="Development">
      <item name="GitHub" href="https://github.com/ThreeTen/threeten-extra"/>
      <item name="Bugs/Issues" href="https://github.com/ThreeTen/threeten-extra/issues"/>
      <item name="Test results" href="surefire-report.html"/>
    </menu>

    <menu name="ThreeTen">
      <item name="Home" href="https://www.threeten.org"/>
      <item name="Backport" href="https://www.threeten.org/threetenbp"/>
    </menu>

    <menu name="Reports" ref="reports"/>
  </body>
</project>
