<?xml version="1.0" encoding="UTF-8"?>
<!DOCTYPE module PUBLIC "-//Puppy Crawl//DTD Check Configuration 1.3//EN" "http://www.puppycrawl.com/dtds/configuration_1_3.dtd">

<module name="Checker">
  <property name="severity" value="warning"/>
  <module name="TreeWalker">
    <property name="tabWidth" value="4"/>
    <module name="ConstantName">
      <property name="format" value="^[A-Z][A-Z0-9]*(_[A-Z0-9]+)*$|^[a-z][a-zA-Z0-9]*$"/>
    </module>
    <module name="AvoidStarImport">
      <property name="severity" value="error"/>
    </module>
    <module name="EmptyBlock">
      <property name="tokens" value="LITERAL_DO,LITERAL_ELSE,LITERAL_FINALLY,LITERAL_IF,LITERAL_FOR,LITERAL_TRY,LITERAL_WHILE,STATIC_INIT"/>
    </module>
    <module name="EmptyForInitializerPad">
      <property name="option" value="space"/>
    </module>
    <module name="EmptyForIteratorPad">
      <property name="option" value="space"/>
    </module>
    <module name="EqualsHashCode"/>
    <module name="IllegalImport"/>
    <module name="IllegalInstantiation">
      <property name="classes" value="Boolean"/>
    </module>
    <module name="JavadocType">
      <property name="scope" value="protected"/>
    </module>
    <module name="JavadocMethod">
      <property name="scope" value="protected"/>
    </module>
    <module name="JavadocVariable">
      <property name="scope" value="protected"/>
    </module>
    <module name="LeftCurly">
      <property name="severity" value="error"/>
    </module>
    <module name="LocalFinalVariableName"/>
    <module name="LocalVariableName"/>
    <module name="MemberName">
      <property name="format" value="^[a-z][a-zA-Z0-9$]*$"/>
    </module>
    <module name="MethodLength">
      <property name="max" value="300"/>
    </module>
    <module name="MethodName"/>
    <module name="ModifierOrder">
      <property name="severity" value="error"/>
    </module>
    <module name="MissingJavadocMethodCheck">
      <property name="allowMissingPropertyJavadoc" value="true"/>
    </module>
    <module name="NeedBraces">
      <property name="severity" value="error"/>
    </module>
    <module name="NoWhitespaceAfter"/>
    <module name="NoWhitespaceBefore">
      <property name="allowLineBreaks" value="true"/>
      <property name="tokens" value="SEMI,DOT,POST_DEC,POST_INC"/>
    </module>
    <module name="OperatorWrap">
      <property name="option" value="eol"/>
      <property name="tokens" value="ASSIGN, DIV_ASSIGN, PLUS_ASSIGN, MINUS_ASSIGN, STAR_ASSIGN, MOD_ASSIGN, SR_ASSIGN, BSR_ASSIGN, SL_ASSIGN, BXOR_ASSIGN, BOR_ASSIGN, BAND_ASSIGN"/>
    </module>
    <module name="PackageName"/>
    <module name="ParameterName"/>
    <module name="ParameterNumber">
      <property name="max" value="20"/>
    </module>
    <module name="ParenPad"/>
    <module name="RedundantImport"/>
    <module name="RightCurly">
      <property name="severity" value="error"/>
    </module>
    <module name="StaticVariableName">
      <property name="format" value="^[a-z][a-zA-Z0-9]*$"/>
    </module>
    <module name="TypeName"/>
    <module name="TypecastParenPad"/>
    <module name="UpperEll">
      <property name="severity" value="error"/>
    </module>
    <module name="VisibilityModifier"/>
    <module name="WhitespaceAfter"/>
    <module name="WhitespaceAround">
      <property name="tokens" value="ASSIGN,BAND,BAND_ASSIGN,BOR,BOR_ASSIGN,BSR,BSR_ASSIGN,BXOR,BXOR_ASSIGN,COLON,DIV,DIV_ASSIGN,EQUAL,GE,GT,LAND,LCURLY,LE,LITERAL_ASSERT,LITERAL_CATCH,LITERAL_DO,LITERAL_ELSE,LITERAL_FINALLY,LITERAL_FOR,LITERAL_IF,LITERAL_RETURN,LITERAL_SYNCHRONIZED,LITERAL_TRY,LITERAL_WHILE,LOR,LT,MINUS,MINUS_ASSIGN,MOD,MOD_ASSIGN,NOT_EQUAL,PLUS,PLUS_ASSIGN,QUESTION,RCURLY,SL,SLIST,SL_ASSIGN,SR,SR_ASSIGN,STAR,STAR_ASSIGN,LITERAL_ASSERT,TYPE_EXTENSION_AND"/>
      <property name="allowEmptyConstructors" value="true"/>
      <property name="allowEmptyMethods" value="true"/>
    </module>
    <module name="MissingDeprecated"/>
    <module name="MissingOverride"/>
    <module name="PackageAnnotation"/>
    <module name="CovariantEquals"/>
    <module name="DefaultComesLast"/>
    <module name="ExplicitInitialization"/>
    <module name="FallThrough"/>
    <module name="InnerAssignment"/>
    <module name="StringLiteralEquality"/>
    <module name="GenericWhitespace"/>
    <module name="MethodParamPad"/>
    <module name="FinalClass"/>
    <module name="MutableException"/>
    <module name="ArrayTypeStyle">
      <property name="severity" value="error"/>
    </module>
    <module name="Indentation">
      <property name="basicOffset" value="4"/>
      <property name="caseIndent" value="4"/>
    </module>
    <module name="SuppressWithNearbyCommentFilter">
      <property name="commentFormat" value="CSIGNORE"/>
      <property name="checkFormat" value=".*"/>
      <property name="checkC" value="false"/>
    </module>
    <module name="SuppressionCommentFilter">
      <!-- Joda-Beans does not conform to these rules so just ignore generated code -->
      <property name="offCommentFormat" value="CSOFF"/>
      <property name="onCommentFormat" value="CSON"/>
      <property name="checkCPP" value="true"/>
      <property name="checkC" value="false"/>
    </module>
  </module>
  <!-- Header inlined due to m2e -->
  <module name="RegexpHeader">
    <property name="header" value="^/\*[*]?\n^ \* Copyright [(]c[)] 2007[-]present[,] Stephen Colebourne [&amp;] Michael Nascimento Santos"/>
    <property name="fileExtensions" value="java"/>
  </module>
  <module name="FileLength"/>
  <module name="FileTabCharacter">
    <property name="eachLine" value="true"/>
    <property name="severity" value="error"/>
  </module>
  <module name="LineLength">
    <property name="fileExtensions" value="java"/>
    <property name="ignorePattern" value="^ *\* *[^ ]+$"/>
    <property name="max" value="200"/>
    <property name="tabWidth" value="2"/>
  </module>
  <module name="NewlineAtEndOfFile"/>
</module>
