<?xml version="1.0" encoding="ISO-8859-1"?>
<project name="Imixs Workflow XML &amp; Web Services">
  
  
  
	<skin>
		<groupId>org.imixs.workflow</groupId>
		<artifactId>imixs-workflow-maven-skin</artifactId>
		<version>1.0.0</version>
	</skin>
  
 
  <body>
    <links>
      <item name="Home" href="http://www.imixs.org/" />
      <item name="Quick Start" href="http://www.imixs.org/api/" />
      <item name="Workflow Engine" href="http://www.imixs.org/jee/" />
      <item name="XML &amp; WebServices" href="index.html" />
      <item name="Web Tools" href="http://www.imixs.org/jsf/" />
      <item name="Modelling" href="http://www.imixs.org/modeler/" />
      <item name="Script!" href="http://www.imixs.org/script/" />
    </links>


    <menu name="XML &amp; WebServices">
      <item name="Overview" href="index.html"/>
      <item name="Installation" href="install.html"/>
      <item name="Examples" href="examples/examples.html" collapse="true">         
      	<item name="Transform XML data" href="examples/transform_xml.html"/>            
      	<item name="Post XML data" href="examples/post_xml.html"/>            
      	<item name="Marshaling" href="examples/marshal.html"/>            
      </item>

      <item name="XML" href="xml.html"/>            
      <item name="REST Service" href="restservice/overview.html" collapse="true">
      	<item name="Workflow Service" href="restservice/workflowservice.html"/>   
      	<item name="Model Service" href="restservice/modelservice.html"/>   
      	<item name="Report Service" href="restservice/reportservice.html"/>   
      	<item name="Entity Service" href="restservice/entityservice.html"/>   
      </item>         
      <item name="JSON" href="json.html"/>            
      <item name="SOAP Service" href="soapservice.html"/>            

      <item name="Deployment" href="deployment.html" collapse="true">
      	<item name="REST Service" href="deployment_rest_service.html"/>    
      	<item name="SOAP Service" href="deployment_soap_service.html"/>    
      </item>         
    </menu>

 	<menu name="Project Information">
      <item name="Project Summary" href="project-summary.html"/>      
      <item name="Project License" href="license.html"/>      
      <item name="Project Team" href="team-list.html"/>    
      <item name="Issue Tracking" href="issue-tracking.html"/>      
      <item name="Mailing Lists" href="mail-lists.html"/>      
	</menu>

 	<menu name="Maven">
      <item name="How to use" href="maven_howto.html"/>
      <item name="Dependencies" href="dependencies.html"/>
      <item name="Plugin Management" href="plugin-management.html"/>      
      <item name="Project Plugins" href="plugins.html"/>      
    </menu>
    <menu name="Source Code XML">  
      <item name="Source Repository" href="source-repository.html"/>      
      <item name="REST JavaDocs" href="../xml/apidocs/index.html"/>
   	  <item name="REST Source Xref" href="../xml/xref/index.html"/>
    </menu>


  </body>
 
</project>
