<?xml version="1.0" encoding="UTF-8"?>
<!DOCTYPE sun-web-app PUBLIC "-//Sun Microsystems, Inc.//DTD Application Server 9.0 Servlet 2.5//EN" "http://www.sun.com/software/appserver/dtds/sun-web-app_2_5-0.dtd">
<sun-web-app error-url="" >

	<security-role-mapping>
		<role-name>org.imixs.ACCESSLEVEL.NOACCESS</role-name>
		<group-name>IMIXS-WORKFLOW-Noaccess</group-name>
	</security-role-mapping>

	<security-role-mapping>
		<role-name>org.imixs.ACCESSLEVEL.READERACCESS</role-name>
		<group-name>IMIXS-WORKFLOW-Reader</group-name>
	</security-role-mapping>

	<security-role-mapping>
		<role-name>org.imixs.ACCESSLEVEL.AUTHORACCESS</role-name>
		<group-name>IMIXS-WORKFLOW-Author</group-name>
	</security-role-mapping>

	<security-role-mapping>
		<role-name>org.imixs.ACCESSLEVEL.EDITORACCESS</role-name>
		<group-name>IMIXS-WORKFLOW-Editor</group-name>
	</security-role-mapping>

	<security-role-mapping>
		<role-name>org.imixs.ACCESSLEVEL.MANAGERACCESS</role-name>
		<group-name>IMIXS-WORKFLOW-Manager</group-name>
		<principal-name>workflowuser</principal-name>		
	</security-role-mapping>
	
	<class-loader delegate="true" />
	<jsp-config>
		<property name="keepgenerated" value="true">
			<description>Keep a copy of the generated servlet class java
				code.</description>
		</property>
	</jsp-config>
</sun-web-app>