<?xml version="1.0" encoding="ISO-8859-1"?>
<document>
  <properties>
    <title>ThreeTen-Extra - Changes</title>
    <author>Stephen Colebourne</author>
  </properties>

  <body>
    <!-- types are add, fix, remove, update -->
    <release version="1.7.2" date="2022-12-18" description="v1.7.2">
      <action dev="Clockwork-Muse" type="add">
        Adds offset for AccountingChronology, which is essential for some retail calendars, particularly the NRF.
        Fixes #223, #201.
      </action>
      <action dev="jodastephen" type="update">
        Update CodeQL.
      </action>
      <action dev="jodastephen" type="update">
        Switch master to main.
      </action>
    </release>
    <release version="1.7.1" date="2022-08-02" description="v1.7.1">
      <action dev="jodastephen" type="add">
        Add utilities to work with durations as numbers.
        Fixes #147.
      </action>
      <action dev="jodastephen" type="fix">
        Fix YearWeek.isSupported.
        Fixes #192.
      </action>
      <action dev="catull" type="fix">
        Fix InternationalFixedEra era value.
        Fixes #205.
      </action>
    </release>
    <!-- types are add, fix, remove, update -->
    <release version="1.7.0" date="2021-08-01" description="v1.7.0">
      <action dev="stevenpaligo" type="add">
        Additional comparison methods on UtcInstant/TaiInstant.
        Fixes #189.
      </action>
      <action dev="spand" type="add">
        Additional comparison methods on Interval.
        Fixes #174.
      </action>
      <action dev="haraldk" type="add">
        Meaningful factory methods for unbounded intervals.
        Fixes #174.
      </action>
      <action dev="TristonianJones" type="add">
        Add Go-compatible duration parsing.
        Fixes #182.
      </action>
      <action dev="stevenpaligo" type="add">
        Cache UtcInstant::toString().
        Fixes #177.
      </action>
      <action dev="jodastephen" type="fix">
        Enhance OffsetDate tests.
        Fixes #181.
      </action>
    </release>
    <release version="1.6.0" date="2020-02-18" description="v1.6.0">
      <action dev="mwkroening" type="add">
        Add OffsetDate.
        Fixes #137.
      </action>
      <action dev="kluever" type="add">
        Add factory methods taking Year and Quarter objects.
        Fixes #155, #156.
      </action>
      <action dev="jodastephen" type="add">
        Add isZero(), isPositive(), isNegative() to temporal amount classes.
        Fixes #148.
      </action>
      <action dev="jodastephen" type="add">
        Make YearWeek implement Temporal.
        Fixes #165, #163, #115.
      </action>
      <action dev="mwkroening" type="fix">
        Fix UtcInstant.isLeapSecond().
        Fixes #153.
      </action>
      <action dev="MichelSchudel" type="add">
        Add Farsi translations for word-based formatting.
        Fixes #131.
      </action>
      <action dev="dimovelev" type="add">
        Add Bulgarian translations for word-based formatting.
        Fixes #129.
      </action>
      <action dev="slovdahl" type="add">
        Add Finnish translations for word-based formatting.
        Fixes #127.
      </action>
      <action dev="slovdahl" type="add">
        Add Swedish translations for word-based formatting.
        Fixes #126.
      </action>
      <action dev="ofornes" type="add">
        Add Norwegian Bokm�l and Norwegian Nynorsk translations for word-based formatting.
        Fixes #125.
      </action>
      <action dev="spand" type="fix">
        Fix Interval Javadoc.
        Fixes #171.
      </action>
      <action dev="jnizet" type="fix">
        Fix Interval Javadoc.
        Fixes #159.
      </action>
    </release>
    <release version="1.5.0" date="2019-02-24" description="v1.5.0">
      <action dev="monicagg" type="add">
        Add stream-returning method YearQuarter.quartersUntil(YearQuarter).
        Fixes #122.
      </action>
      <action dev="monicagg" type="add">
        Add word-based period formatting.
        Note that textual data can only be altered by PRs to ThreeTen-Extra.
        Based on original code from Joda-Time.
        Fixes #113, #41.
      </action>
      <action dev="ofornes" type="add">
        Add Catalan translation for word-based formatting.
        Fixes #123.
      </action>
      <action dev="jodastephen" type="add">
        Add Joda-Convert annotations.
        The additional Joda-Convert dependency is optional (except that on Scala it is apparently mandatory).
      </action>
      <action dev="jodastephen" type="add">
        Add Tidelift commercial support and security policy.
      </action>
    </release>
    <release version="1.4" date="2018-08-20" description="v1.4">
      <action dev="jodastephen" type="fix">
        Enhance LocalDateRange.
        Add more factory methods for empty and unbounded.
        Ensure that unbounded ranges are more clearly specified.
        Reject certain ranges near LocalDate.MIN/LocalDate.MAX.
        Alter behaviour of lengthInDays() and toPeriod().
        Fixes #100.
      </action>
      <action dev="jodastephen" type="fix">
        Fix build for Java 9.
        Resource files cannot be read from other modules in Java 9.
        As such, the `LeapSeconds.txt` file has moved to be under META-INF,
        `META-INF/org/threeten/extra/scale/LeapSeconds.txt`.
      </action>
      <action dev="jodastephen" type="fix">
        Fix OSGi for Java 9.
        Now that the build is on Java 9, the OSGi data had to be updated.
        See #92, #94.
      </action>
      <action dev="jjcard" type="add">
        Add Temporals.nextWorkingDayOrSame() and Temporals.previousWorkingDayOrSame().
        Fixes #101.
      </action>
      <action dev="perceptron8" type="fix">
        Fix test parameter order.
        See #98, #99.
      </action>
    </release>
    <release version="1.3.2" date="2018-01-23" description="v1.3.2">
      <action dev="jodastephen" type="fix">
        Fix build for Java 8.
        Found actual issue with Javac was in the pom.xml.
        See #91.
      </action>
    </release>
    <release version="1.3.1" date="2018-01-22" description="v1.3.1">
      <action dev="jodastephen" type="fix">
        Fix build for Java 8.
        Javac release flag is not correctly ignoring new overloaded methods.
        Fixes #91.
      </action>
    </release>
    <release version="1.3" date="2018-01-08" description="v1.3">
      <action dev="jodastephen" type="add">
        Support Java 9.
        Update and redesign build.
      </action>
      <action dev="jodastephen" type="add">
        Switch from TestNG to JUnit 4.
      </action>
      <action dev="kinow" type="fix" >
        Error message and Javadoc fixes in Interval.
        See #89.
      </action>
      <action dev="jodastephen" type="fix" >
        Interval.parse now handles Instant.MIN/MAX.
        See #80.
      </action>
      <action dev="catull" type="fix" >
        YearWeek.atDay now correctly handles the end of the year.
        See #87.
      </action>
      <action dev="michaelhixson" type="add" >
        Add MutableClock.
        See #83, #84.
      </action>
    </release>
    <release version="1.2" date="2017-06-05" description="v1.2">
      <action dev="jodastephen" type="add" >
        Add plusYears/minusYears to YearWeek.
        See #78.
      </action>
      <action dev="raupachz" type="add" >
        Add plusWeeks/minusWeeks to YearWeek.
        See #78.
      </action>
    </release>
    <release version="1.1" date="2017-04-24" description="v1.1">
      <action dev="jodastephen" type="add" >
        Add PeriodDuration, combining Period and Duration.
        See #74.
      </action>
      <action dev="jodastephen" type="fix" >
        Fix incorrect method name in Hours.
        toPeriod() should have been toDuration().
        Fixes #76.
      </action>
      <action dev="jodastephen" type="add" >
        Extend formats parsed by Hours, Minutes and Seconds.
        Fixes #77.
      </action>
      <action dev="jodastephen" type="add" >
        Extend formats parsed by Interval, allowing end instant to have offset inferred from start instant.
        See #75.
      </action>
      <action dev="jodastephen" type="add" >
        Extend formats parsed by Interval, allowing years, months, weeks and days.
        See #70.
      </action>
      <action dev="jodastephen" type="add" >
        Add Seconds temporal amount class.
        See #73.
      </action>
      <action dev="jodastephen" type="add" >
        Add Temporals.parseFirstMatching().
        This allows text to be parsed against a number of different formats.
        See #56.
      </action>
      <action dev="jodastephen" type="add" >
        Add LocalDateRange, a range of dates, matching style of Google Guava's Range.
        Enhance Interval to match.
        See #53.
      </action>
      <action dev="jodastephen" type="update" >
        Add leap second at end of 2016.
      </action>
      <action dev="jodastephen" type="add" >
        Allow Interval to parse offset date-time.
        Fixes #66, #67.
      </action>
      <action dev="jodastephen" type="fix" >
        Fix Symmetry010 week calculations.
        Fixes #61.
      </action>
    </release>
    <release version="1.0" date="2016-06-13" description="v1.0">
      <action dev="jodastephen" type="add" >
        Add PackedFields.
        Provide packed integer representations of dates and times
        Fixes #57.
      </action>
      <action dev="jodastephen" type="fix" >
        Clarify YearQuarter docs.
        Fixes #58.
      </action>
      <action dev="jodastephen" type="fix" >
        Add isBefore/isAfter to Interval.
        Fixes #48.
      </action>
      <action dev="steve-o" type="add">
        Extend Interval to parse more formats.
        Fixes #50.
      </action>
      <action dev="raupachz" type="add">
        Add Hours and Minutes classes.
        Fixes #52, #14.
      </action>
      <action dev="raupachz" type="add">
        Add YearWeek class, handling the ISO week-based-year.
        Fixes #36, #38.
      </action>
      <action dev="catull" type="add">
        Add Symmetry calendar systems.
        Fixes #42, #43.
      </action>
      <action dev="catull" type="add">
        Add International Fixed calendar system.
        Fixes #31.
      </action>
      <action dev="jodastephen" type="fix" >
        Make YearQuarter.parse case insensitive.
      </action>
      <action dev="jodastephen" type="fix" >
        Make YearQuarter.toString output '+' for large years.
      </action>
      <action dev="jodastephen" type="add" >
        Add British Cutover calendar system.
        Models British Julian-Gregorian cutover on 1752-09-14 (ISO).
        Fixes #29.
      </action>
    </release>
    <release version="0.9" date="2014-12-09" description="v0.9">
      <action dev="jodastephen" type="add" >
        Add Interval class.
        Fixes #2.
      </action>
      <action dev="Clockwork-Muse" type="add" >
        Add Accounting calendar system.
        Fixes #27.
      </action>
      <action dev="Clockwork-Muse" type="add" >
        Add Discordian calendar system.
        Fixes #23.
      </action>
      <action dev="jodastephen" type="add" >
        Add Temporals helper methods to convert TimeUnit to/from ChronoUnit.
        Fixes #22.
      </action>
      <action dev="Clockwork-Muse" type="add" >
        Add Pax calendar system.
        Fixes #17.
      </action>
      <action dev="Clockwork-Muse" type="fix" >
        Fix handling of with(era).
        Fixes #18 / #20.
      </action>
      <action dev="jodastephen" type="add" >
        Add Ethiopic calendar system.
        Fixes #11.
      </action>
      <action dev="jodastephen" type="add" >
        Add Julian calendar system.
        Fixes #10.
      </action>
      <action dev="jodastephen" type="add" >
        Add Weeks class.
        Fixes #3.
      </action>
      <action dev="jodastephen" type="add" >
        Extend conversion between amount types.
        Handle conversions in from(TemporalAmount) using Temporals.convertAmount(...).
        Fixes #7.
      </action>
      <action dev="jodastephen" type="add" >
        Add Temporals.convertAmount(...).
        Allows an amount in one unit to be converted to an amount in a different unit.
        Fixes #6.
      </action>
      <action dev="jodastephen" type="add" >
        Add Months.ofYears(int).
        Support weeks in Months.from(TemporalAmount).
        Support weeks in Months.parse(CharSequence).
        Fixes #5.
      </action>
      <action dev="jodastephen" type="add" >
        Add Days.ofWeeks(int).
        Support weeks in Days.from(TemporalAmount).
        Support weeks in Days.parse(CharSequence).
        Fixes #4.
      </action>
    </release>
    <release version="0.8" date="2014-02-10" description="v0.8">
      <action dev="jodastephen" type="add" >
        First modernized version.
      </action>
    </release>
  </body>
</document>
